date,region,marketing_spend,price,sales
2024-01-01,Alger,3233.19,2225.53,10132.8
2024-01-02,Oran,3708.71,34158.27,11083.36
2024-01-03,Constantine,4471.68,5260.0,13766.45
2024-01-04,Alger,1171.33,25762.41,3521.92
2024-01-05,Oran,230.03,10743.04,827.56
2024-01-06,Constantine,1180.16,29874.02,3240.07
2024-01-07,Alger,4066.21,1318.44,12778.62
2024-01-08,Oran,1767.23,8618.5,5338.61
2024-01-09,Constantine,4790.34,17493.13,14596.48
2024-01-10,Alger,4252.72,30582.58,12696.15
2024-01-11,Oran,4054.93,36756.86,11405.66
2024-01-12,Constantine,1954.82,28049.99,5682.08
2024-01-13,Alger,4164.08,31307.47,12535.56
2024-01-14,Oran,3552.4,3245.39,10891.85
2024-01-15,Constantine,1216.7,15180.01,3974.18
2024-01-16,Alger,594.91,14620.71,2062.29
2024-01-17,Oran,3214.85,18876.78,9673.02
2024-01-18,Constantine,1408.19,46896.07,3886.51
2024-01-19,Alger,3275.37,30847.42,9862.86
2024-01-20,Oran,900.67,19593.32,3094.51
2024-01-21,Constantine,4948.66,32359.99,14414.19
2024-01-22,Alger,4229.97,39024.0,12303.01
2024-01-23,Oran,1222.34,2572.91,4052.44
2024-01-24,Constantine,1133.82,47202.58,3102.13
2024-01-25,Alger,4394.2,16419.22,13241.86
2024-01-26,Oran,4581.28,23483.74,13607.85
2024-01-27,Constantine,1397.91,13084.75,4287.34
2024-01-28,Alger,2964.47,44993.32,8434.81
2024-01-29,Oran,2057.06,11746.72,6674.94
2024-01-30,Constantine,545.46,3308.7,2066.51
2024-01-31,Alger,637.28,31744.86,1831.68
2024-02-01,Oran,411.29,19699.35,1137.69
2024-02-02,Constantine,4980.99,26926.6,15295.06
2024-02-03,Alger,156.26,36315.37,170.7
2024-02-04,Oran,3440.38,27311.55,10244.7
2024-02-05,Constantine,646.61,22303.5,2278.42
2024-02-06,Alger,2323.25,47736.98,6626.18
2024-02-07,Oran,2552.87,9753.94,7853.55
2024-02-08,Constantine,4571.88,43655.41,13256.97
2024-02-09,Alger,3083.95,8489.12,9854.42
2024-02-10,Oran,3836.3,27429.57,11504.3
2024-02-11,Constantine,102.8,16883.65,228.8
2024-02-12,Alger,195.44,46525.83,428.94
2024-02-13,Oran,1606.82,3838.33,4983.04
2024-02-14,Constantine,4402.25,47400.52,12956.86
2024-02-15,Alger,439.14,38269.51,1170.3
2024-02-16,Oran,3852.59,7291.18,11662.31
2024-02-17,Constantine,1398.78,43749.22,3860.44
2024-02-18,Alger,2173.38,11378.11,6478.78
2024-02-19,Oran,1085.64,16274.1,3352.35
2024-02-20,Constantine,4976.23,32844.02,14548.36
2024-02-21,Alger,692.92,12010.17,2430.13
2024-02-22,Oran,1756.62,29827.13,5190.9
2024-02-23,Constantine,447.87,31924.04,1345.09
2024-02-24,Alger,1221.81,45365.58,3306.86
2024-02-25,Oran,1266.22,33779.91,3563.87
2024-02-26,Constantine,1149.76,7483.28,4038.76
2024-02-27,Alger,2416.09,39446.35,6856.77
2024-02-28,Oran,4056.74,10330.09,12637.84
2024-02-29,Constantine,2175.54,23884.21,6670.45
2024-03-01,Alger,3672.47,33994.86,10928.1
2024-03-02,Oran,2072.84,17625.83,6356.96
2024-03-03,Constantine,4322.2,13184.16,13282.99
2024-03-04,Alger,2167.22,14648.71,6911.7
2024-03-05,Oran,1324.05,46240.01,3174.89
2024-03-06,Constantine,2796.59,3478.83,8959.25
2024-03-07,Alger,4996.48,41965.35,15098.32
2024-03-08,Oran,4258.61,9149.24,13004.42
2024-03-09,Constantine,2479.64,11473.62,7652.93
2024-03-10,Alger,1956.97,49280.13,5425.81
2024-03-11,Oran,1399.49,39419.46,3708.66
2024-03-12,Constantine,4790.86,49775.71,13935.57
2024-03-13,Alger,2823.26,36202.01,8340.24
2024-03-14,Oran,4846.68,29379.83,14591.11
2024-03-15,Constantine,2756.76,37650.8,8265.31
2024-03-16,Alger,2563.97,42783.27,7429.38
2024-03-17,Oran,871.42,48078.17,2265.03
2024-03-18,Constantine,3015.67,34085.42,8927.16
2024-03-19,Alger,1252.5,6874.44,4236.05
2024-03-20,Oran,3013.14,31349.69,8816.78
2024-03-21,Constantine,2154.2,29599.94,5908.14
2024-03-22,Alger,1100.87,36093.4,3014.09
2024-03-23,Oran,1269.56,20393.51,3821.01
2024-03-24,Constantine,1649.27,37841.36,4542.1
2024-03-25,Alger,455.46,23455.99,2063.31
2024-03-26,Oran,458.98,11444.56,1641.58
2024-03-27,Constantine,1399.48,46729.71,4065.17
2024-03-28,Alger,1910.68,8729.59,5777.55
2024-03-29,Oran,4185.35,35473.46,11895.47
2024-03-30,Constantine,3304.48,1383.33,10004.5
2024-03-31,Alger,4103.81,15669.56,12253.19
2024-04-01,Oran,758.03,6656.0,2236.36
2024-04-02,Constantine,624.48,28107.96,1773.14
2024-04-03,Alger,3616.3,10976.27,11399.23
2024-04-04,Oran,3207.77,13935.21,9411.46
2024-04-05,Constantine,4245.91,5522.62,13158.54
2024-04-06,Alger,2175.52,14557.33,7078.79
2024-04-07,Oran,3221.86,13835.81,9896.51
2024-04-08,Constantine,3732.03,28032.34,11110.39
2024-04-09,Alger,468.69,44272.21,1032.86
2024-04-10,Oran,4529.25,27733.92,13667.06
2024-04-11,Constantine,825.66,7244.83,2604.21
2024-04-12,Alger,1610.47,45050.09,4543.88
2024-04-13,Oran,4504.73,11293.75,13407.77
2024-04-14,Constantine,1322.7,6036.89,4425.47
2024-04-15,Alger,2091.25,31412.41,5737.67
2024-04-16,Oran,857.31,46564.17,2501.28
2024-04-17,Constantine,4072.78,44189.39,11423.44
2024-04-18,Alger,221.45,37091.66,194.28
2024-04-19,Oran,4030.95,43339.14,12128.05
2024-04-20,Constantine,4072.67,14073.48,12458.8
2024-04-21,Alger,4373.62,43071.07,12666.4
2024-04-22,Oran,1189.93,41012.74,3084.14
2024-04-23,Constantine,3997.19,12152.18,12290.66
2024-04-24,Alger,215.96,10463.36,749.86
2024-04-25,Oran,4837.76,14677.12,15072.14
2024-04-26,Constantine,3243.26,20584.24,10064.28
2024-04-27,Alger,4702.26,6651.75,14444.45
2024-04-28,Oran,4854.96,9749.82,15022.65
2024-04-29,Constantine,631.17,22293.62,1911.0